Username,First,Last,Email,Password
Oliver.Marsh,Oliver,Marsh,OMarsh@tresensa.com,nopass
brett.petrusek,Brett,Petrusek,bpetrusek@tresensa.com,nopass
sme.sebastian,Sme,Sebastian,ssebastian@tresensa.com,nopass
shan.schaefer,Shan,Schaefer,sschaefer@tresensa.com,nopass